C1_A10_1,CAGCARCGCCWGTGGTTCCT,GGCAGSGCCTTGCGGTCSAG
C1_A10_2,TGTCCTAYGCCCAGSAGCGC,GGCARGSCCTTGCGGTCGAG
C1_A10_3,TGTCCTAYGCCCAGCARCGC,KGCGGTCSAGCTTGCCGTTG
C1_A10_4,CTGTCSTWYGCSCAGCAGCG,GGCAGSGCCYKGCGGTCSAG
C1_A10_5,CAGSRRCGSCTGTGGTTCCT,GGCAGSGCSYKGCGGTCGAG
C1_A10_6,CAGCARCGSMTGTGGTTYCT,GGCARNGCCTTGCGGTCSAG
C1_A10_7,TGTCCTAYGCCCAGSARCG,GGCARSSCCTTGCGGTCSAG
C1_A10_8,CTGTCSTWYGCCCAGCARCG,KGCGGTCSASYTTGCCGTTG
C1_A10_9,TGTCSTWYGCCCAGSARCGC,GGCARBGCCTTGCGKTCSAG
C1_A10_10,CAGCARCGSMWGTGGTTYCT,GGCARNGCCTKGCGGTCSAG
C1_A10_11,YTGTCSTWYGCCCAGCARCG,GGCARSGCCYKGCGGTCSAG
C1_A10_12,CAGSARCGSMWGTGGTTCCT,GGCARSGCCYKGCGGTCSAG
C1_A10_13,CAGCRNCGSMTSTGGTTCCT,CGGGCAGSGCSYKSCGGTC
C1_A10_14,GCSCAGCRRCGSMWGTGGTT,GGCAGSGCNYKGCGGTCSAG
C1_A10_15,TGTCSTWYGCCCAGSARCG,GGCARNGCCTKGCGRTCSAG
C1_A10_16,CAGSARCGSMWGTGGTTYCT,GGCARNGCCTKGCGRTCSAG
C1_A10_17,YTGTCSTWYGCCCAGSARCG,GGCARNGCCYKGCGGTCSAG
C1_A10_18,CTGTCSTWYGCSCAGSARCG,GGCARSGCSYKGCGGTCSAG
C1_A10_19,CAGSRRCGSMWGTGGTTCCT,GGCARSGCSYKGCGGTCSAG
C1_A10_20,CTGTCSTWYGCSCAGSARCG,KSCGGTCSAKCTTGCCGYT
C1_A10_21,CTGTCSTWYGCSCAGSANCG,BVCGGTCSABCTTGCCGTT
C1_A10_22,CAGSRVCGSMWGTGGTTCCT,BVCGGTCSABCTTGCCGTT
C1_A10_23,CAGSRNCGSMTSTGGTTCCT,CSGGCAGSGCSYKSCGGTC
C1_A10_24,CAGSARCGSMWSTGGTTYCT,GGCARSGCSYKGCGRTCSAG
C4_A10_1,GACTWYRCSSTSTGGCARCG,BVCGGTCSABCTTGCCGTT
C4_A10_2,GAYTACRCSVTSTGGCARCG,BVCGGTCSABCTTGCCGTT
C4_A10_3,TSCARTACGCSGAYTWYGC,BVCGGTCSABCTTGCCGTT
C4_A10_4,TSCARTACGCSGACTWYRC,BVCGGTCSABCTTGCCGTT
C4_A10_5,CSRTSCAGTACSCSGACT,BVCGGTCSABCTTGCCGTT
C4_A10_6,CSYTGSCSRTSCAGTACGSC,BVCGGTCSABCTTGCCGTT
C4_A10_7,MGSCGYTGSCSRTSCAGTAC,BVCGGTCSABCTTGCCGTT
C4_A10_8,GACTWCGCSNNSTGGCAGCG,BVCGGTCSABCTTGCCGTT
C4_A10_9,GAYTAYRCSSTSTGGCARCG,BVCGGTCSABCTTGCCGTT
C4_A10_10,GAYTWYRCSSTSTGGCAGCG,BVCGGTCSABCTTGCCGTT
C4_A10_11,TSCAGTACGSSGAYTWYGC,BVCGGTCSABCTTGCCGTT
C4_A10_12,TSCARTACSCSGACTWYGC,BVCGGTCSABCTTGCCGTT
